Title,energy,fat,protein,salt,saturates,sugars,remarks
"Salt Free, Low Cholesterol Sugar Cookies Recipe",81.12946132,23.41248593,7.625491715,0.548620552,3.425053768,14.29844295,0
Honey Sriracha Chicken Wings,477.0964039,14.29704624,15.38345644,1.063914639,4.535686544,3.048951,1
Shrimp and Caper Salad,208.0589828,15.98076723,11.94668665,0.61484346,2.366703549,0.314582712,1
Natural Peanut Butter Chocolate Bon Bons,194.7525957,5.094846901,5.067961165,0.019790889,2.048394324,63.21060493,0
Easy Cheese Sauce,303.4353996,2.477641006,4.019150759,2.684041414,1.482728757,4.927331735,1
Easy Chocolate Frosting Recipe,57.1235315,4.342117969,3.661319581,0.588343603,2.735515337,82.00376778,0
Cornmeal Crackers with Pumpkin Seeds,367.7230504,18.33744047,7.126204452,2.605112692,10.10082789,3.045049286,1
Chocolate-Orange Angel Food Cake,399.5182191,0.367917814,3.564223164,0.185892874,0.126589721,27.41281678,0
"Rice With Lemon, Capers & Parsley",149.4259987,3.432272663,0.819374023,6.714773966,2.097616453,0.073745439,1
Cheryl's Veggie-Nut Patties,57.34966592,24.08309664,7.046964793,0.95178017,2.358094986,2.296981307,0
Creamed Broccoli And Cauliflower Soup Recipe,269.3440782,2.378433187,2.754291933,0.739408598,1.438450733,3.258321388,1
Fudgy Chocolate Cherry Float,52.62741564,2.209651759,1.023370808,37.02459082,1.342869136,8.345388482,0
Aunt Julie's Pineapple Cookies,58.9355364,9.26703691,4.203582408,0.300063244,5.739965188,55.05651919,0
Broccoli Chicken Casserole Recipe,350.0068312,10.39680946,7.470228281,0.893438755,2.606204694,0.638428819,1
Chicken Diable,150.2405658,2.216644791,5.047278072,1.131586525,0.494288058,38.11318726,0
Pacific Wasabi Sauce for Grilled Tuna,185.63043,25.37511301,2.347749459,0.481116504,9.965397189,2.961112075,1
Cornmeal Mush,255.5453076,0.333397992,1.352989671,0.573868872,0.041826294,0.306726153,1
Sugar Free Pudge-less Brownies,70.43790311,1.617459427,7.124522092,1.172270957,0.793585657,5.407226235,0
Mango Lassi,204.8978403,0.162933477,2.225914182,0.03014944,0.045641614,7.597658885,1
Peanut Butter Fudge Frosting,42.85858858,59.06122052,9.462527737,0.041706377,31.89617057,4.396048516,0
Potato and Hamburger Baskets #SP5,583.2030864,18.56206491,14.55661358,6.863313845,9.05785256,0.58548882,1
Lemon Butter for Steak,265.4093538,44.01409566,0.836236934,1.86925879,27.28721888,1.128444726,1
Barbeque Brisket Rub,399.9049731,4.172569221,14.41725692,4.338377334,0.869929169,3.94075982,1
Cilantro-Mustard Mayo (Dip or Sauce),298.1326465,34.25784181,4.099204563,1.854832658,4.920876482,0.672069638,1
Tomato-Olive Bread,344.1092601,5.038187092,5.260997645,0.818352317,0.714680321,2.380395163,1
Creamy Country Dijon Sauce,215.257985,10.48148148,3.185185185,1.564814815,4.62962963,2.074074074,1
Chocolate Almond Sauce,122.2222222,40.04640882,14.53304072,3.300385036,7.539518292,8.00017305,1
Pitas,469.7359417,2.093680122,4.939390373,0.689949394,0.297281393,17.87219018,0
Bacon and Cheese Party Bread,245.4984112,28.06851321,12.50418193,1.772061165,7.40853307,0.306531199,1
Swedish Butter Cookies,396.0772696,25.8759879,3.843023367,0.448915213,15.94452939,32.55993752,0
Cherry Tomato Corn Salad,476.8056388,4.834689354,9.081702252,5.570480068,1.232534134,4.250301451,1
Two-Tone Chocolate Pudding Cups,165.0487802,4.119293866,3.388908702,0.076691037,2.524857347,11.40213386,0
Irish Soda Bread,97.91072278,3.810182623,7.130286979,1.321092576,2.11341608,2.01201676,1
Nutritious Ice Cream Sandwich,246.3356787,56.08540349,5.948230918,0.053209852,38.05687695,19.93532387,0
Cheddar Cheese Coins,614.4936522,72.11266135,3.050252726,0.206827771,44.69268766,0.134090814,1
Magic Bullet Chicken and Rice Baby Food,661.8801955,1.374257757,11.95952162,0.054387597,0.304491093,0.026762566,1
Gingerbread Flavored Whipped Cream,124.7804633,29.18783009,2.29862588,0.058226443,18.63032905,13.8099693,0
Frozen Banana Smoothie,326.6230422,0.195175792,0.649810311,0.012954727,0.07361996,30.505455,1
Creamy Curry Salad Dressing,155.5671981,34.39146371,5.658167276,2.175426997,5.410077808,2.228824564,0
Peanut Brittle,343.6595908,21.65772327,0.009855993,0.080807165,3.561873734,17.78698735,0
Pineapple Ginger Smoothie,259.3152823,0.517284145,1.107515728,0.068155681,0.037725213,6.019572914,1
Corn Cake Casserole,46.80136199,3.948146069,8.371461149,0.13980832,1.110186087,1.657813347,0
White Chocolate Bark,321.0910278,25.43397228,7.45876159,0.002446425,13.49359528,49.86421081,0
Salted Caramel Bark,453.3800052,62.60423073,1.625812002,0.187246884,14.19344152,29.54279119,0
Four Hour Baguettes,668.8277218,0.554909936,5.626896507,1.132416554,0.086577571,0.142681903,1
Oatmeal Lace Cookies,192.6205694,22.65946274,4.951687277,0.596399853,13.6052008,37.77270785,0
Hearty Cheese (And Turkey) Soup,447.341333,4.475158739,3.744044101,1.645021221,2.168671769,3.007644051,1
Horseradish Butter (Pepperrotsmor),113.1823952,51.37020357,0.737958617,19.63298613,31.9276225,1.375733732,1
Lemon Charge,459.9068329,0.682186756,2.404019164,0.065318465,0.366848526,5.182784172,1
Baked Brown Rice,38.79843941,1.434291098,0.764837494,0.691827602,0.865756006,0.015308526,0
Anzac Biscuits I,48.22185586,32.06478812,5.003475376,0.398939492,24.84035188,26.55124699,0
ABC Snack Mix,504.523913,9.345496554,3.19483727,0.009162252,1.126956937,8.858104609,1
Lemon Sauce,172.0312313,46.38018516,0.865801366,2.591885207,7.416060841,1.294021105,1
Chocolate Krispy Bars Recipe,431.7564522,13.7017021,12.46567013,0.100081164,8.230196042,20.11219521,0
Caramel-Fudge Sauce,290.2637642,26.59576174,4.146542076,0.116752064,19.91790116,36.35433879,0
Pita Bread,436.506247,3.933931574,5.284688281,1.103353711,0.551932234,2.315773758,1
Low Fat Peanut Butter Chocolate Crunch Bars,212.9072308,18.83017108,3.572523463,0.030874254,10.64189237,35.28648943,0
Dijon Potato Leek Soup,330.9040973,69.29359762,0.752890804,0.114298482,17.30283295,0.519617285,1
Crock Pot Caramelized Onions,628.9309048,53.7890571,0.459509584,0.145329143,10.13187622,1.409587626,1
Cheesy POPcorn,491.7528687,27.71639855,10.70134497,0.884419455,12.65792606,1.868582637,1
Amaretto Cranberry Juice Recipe,323.7925357,0.13,0.39,0.005,0.01,12.1,0
White Chocolate Cherry Toffee Popcorn,46,3.736919524,0.465090773,0.120217804,1.969064915,87.47093586,0
Mango Cheese,369.4468458,0.002686334,0.007465915,0.000497146,0.000554711,95.87564018,0
Chicken Noodle Salad,366.3880322,6.577489528,7.442102419,0.443048237,1.04195379,5.989731117,1
Focaccia Buns,139.0352655,80.05192369,1.330594018,0.308899693,11.05763133,0.032237607,1
Chocolate Covered Coconut Martini,747.7143008,20.528,1.986,0.2855,18.5888,2.874,1
Broccoli Cheese Soup,247,24.17673589,4.019448785,2.225202003,14.68350716,2.64544693,1
Easy Pizza Dough for Bread Machine,291.8692375,2.321563694,5.706154705,22.43703535,0.328272199,1.104243124,1
The Best Teriyaki Recipe Ever!,188.5097045,0.052012327,4.523353993,6.008053891,0.006094837,21.55097552,0
Spicy Pepitas,105.7889491,0.585211546,1.387900356,4.679715302,0.122182681,2.704626335,0
Low Carb Seafood Cocktail Sauce,34.7963622,0.318750493,0.780810576,1.72116067,0.042224091,8.94176939,0
Strawberry-Infused Vodka,56.46962967,0.147333745,0.329045364,0.001227781,0.007366687,2.401540042,0
Homemade Ice Magic,132.8695602,86.98826546,0.45889027,0.01495959,15.12229562,0.610817532,1
Baked Cheesecake,770.8423998,17.22226508,25.96878497,2.378671126,10.36449187,20.5230202,1
Basic Brine for Smoking Meat,368.6014578,0,0,6.620545868,0,3.309325246,1
My Easy Chicken Ala King,12.50947688,24.07766117,4.519416361,2.518643935,14.6023465,2.002126678,0
Oatmeal Fiber One Berry Breakfast Bars,242.3163699,28.75751156,1.161608536,0.059325579,17.75643979,48.90734621,0
Coconut Almond Goji Berry Granola,458.7645797,46.24986403,19.81359963,0.091528731,4.716220214,5.403156712,1
Jam Bars,560.618036,71.40826814,0.822360532,0.947110718,13.43664135,3.888654143,1
Pecan Pralines,669.4341346,24.98968686,2.537033565,0.060941309,7.789799362,53.90305644,0
Rib Dry Rub,435.9647478,4.347826087,6,38.61243207,0.643682065,12.00407609,0
Chinese Pot Roast Recipe,164.1304348,11.02032224,15.60215759,0.204742837,4.590990052,0.574501599,1
Orange Grove,169.5301118,1.135,2.5075,0.0178125,0.65875,4.035,0
Caramel Date Bars With Cranberries And Walnuts Recipe,194.375,16.95687871,6.814603203,0.137551737,8.807551287,25.69259493,0
Buttermilk Chocolate Biscuits,398.900036,10.85246879,4.501850806,1.407514587,6.605041094,26.65772633,0
"Roasted Mushrooms Stuffed with Feta, Spinach, and Bacon",314.7939018,5.872316278,6.136981204,0.724429347,2.187668455,1.783820133,1
Dahi Barfi (Sweet Yogurt Bars),86.241997,18.96169768,9.755466269,0.379972649,3.661022915,6.137392199,0
Baked Marinated Salmon,388.7886482,5.401518591,18.24368434,1.038872332,0.84274491,2.451968595,1
Real Crazy Cake,147.6726944,9.851930469,3.101543228,0.838463083,1.502461132,27.87373071,0
Chocolate Chip Ice Cream,288.4860306,16.1836871,4.117895309,0.004293641,10.11553197,67.27133609,0
Honey Mustard,417.3969526,42.2658124,1.192084333,1.307757859,6.560850903,18.24169928,0
Yin-Yang Soup,455.6242899,0.744863789,0.951669834,0.282944158,0.108320512,0.903701692,1
Low Fat Spicy Crab Dip,49.88385073,11.31011759,17.12517895,2.283093922,6.753610108,3.651404955,0
Walnut Shortbread Cookies,204.6675483,32.56084594,7.135515123,0.510692344,5.939744802,42.70675803,0
Godiva Chocolate Berry Diva,512.5827032,0.27,0.761666667,45.61875,0.108666667,1.603333333,1
Coffee Cake,15.66666667,12.9575102,4.54400833,0.328580106,5.61643479,24.87490238,0
Microwave Glazed Walnuts,323.1423365,1.466799954,0.342573724,0.002787497,0.13777923,65.78665077,0
Red Wine Vinaigrette,265.6964897,54.14130503,0.100663786,0.733582775,7.479084476,3.195618594,1
Five-Spice Tofu Stir-Fry with Carrots and Celery,496.9837393,14.4379478,2.787537951,0.472807611,2.96102862,2.280241885,1
Homemade ricotta cheese,155.5084212,4.602773175,3.167349786,0.607831168,2.949158455,4.731839191,0
Fiesta Chicken Casserole,71.94558298,6.728526812,6.266940236,0.618418325,3.293900732,3.22519552,0
Beef Fondue Recipe,141.0340427,100,0,0.005,13.808,0,1
Greatest Granola,884,48.4857882,3.756246366,0.021983416,29.29311783,15.44367105,0
Creamy French Dressing,580.1557273,6.709955709,0.219432655,2.178893026,0.935286159,0.424178645,1
Decadent Vegan Dark- Choco Brownies,81.59965153,49.5479327,6.25079561,1.241907278,11.94955028,17.9024823,0
Mediterranean Spice Mix,543.4162054,5.716783217,3.977272727,61.05550699,1.012237762,0.472027972,1
Simmered Chestnuts (for Beginners),118.006993,2.711232017,3.473982712,2.079390143,0.510349556,27.68091614,0
Luscious Luau,363.2080129,24.46939946,1.565617893,0.082476289,16.13539709,6.758877986,0
Quatre Epices (Four Spices) Gascon,266.8834541,16.27962085,7.345971564,0.213270142,9.774881517,1.990521327,1
Red Robin Chillin' Mango Smoothie,355.450237,0.091757027,0.256919674,0.013983154,0.015393947,13.67109579,0
West African Chicken-Peanut Soup,64.48173054,1.601591129,2.404688877,3.535818623,0.336740953,3.977094732,0
Cheese Cookie Snacks,56.3816379,68.47398074,2.183316169,2.560050282,42.47504089,0.106621433,0
Fresh Corn Tortillas,628.1577513,0.602649007,1.642384106,0.023178808,0.092715232,1.642384106,1
Cream of Fresh Cauliflower Soup,43.70860927,2.138987289,2.653949645,6.092505685,0.85725287,4.552125896,0
Vanilla Butter Frosting,67.2920989,73.71084769,0.801955949,0.033435657,45.87121805,7.956291027,0
Roasted Sweet Potatoes With Cinnamon Pecan Crunch,684.5073473,2.005084083,2.28329361,0.92127735,0.638651026,59.96364781,0
Special Spuds,321.9752659,3.575032078,2.53589486,0.622674641,0.507673839,0.109922961,1
Gooey Peanut Butter Chew,87.39047204,1.939689833,1.107122343,0.029473004,0.389962665,80.42978173,0
Cinnamon Raisin Biscuits,322.5732338,2.795275988,2.925999233,0.221406499,0.725444159,7.097378466,0
Pumpkin Spice Ganache,303.6744559,29.72085583,5.315230986,0.022923591,18.74105651,35.65648825,0
Semolina Pudding (Parsi Ravo),420.3061516,10.52670167,4.794758343,0.131028492,5.379724358,13.27303141,0
Honey Oatmeal Bread (Abm),182.6372274,3.759359037,7.671709575,0.786401489,1.570864444,3.379262798,0
Banana Smoothie,241.7313997,0.333797925,1.100542278,0.003671038,0.113573703,12.1723941,0
Jorgydee's Burgers,88.40804887,7.23877648,19.75904247,2.014439605,2.930944282,0.025682623,1
Bacon Crunch Bars,152.2259814,43.44130266,18.90436826,0.193963281,8.673715388,12.96845713,0
Dark Raspberry Truffles,524.1593916,23.43293535,10.74459331,0.044615623,4.011350524,1.381034844,1
Sweet-and-Sour Dressing,385.6128004,47.60479947,0.125621925,1.310543171,6.572202828,22.23246928,0
Date Squares,510.770866,27.49479364,4.44386596,3.317517039,17.48248769,18.29728323,0
Easy Bake Oven Angel Cookies,412.3201439,2.374946633,9.534682315,2.996833431,1.058214614,1.462999136,1
Fruity Rice Krispie Treats / Squares - Kids No Bake,352.2506258,24.60453039,5.495966851,0.008660221,6.781519337,27.8020442,0
Ethiopian Spicy Cheese Dip,406.320442,25.03544619,32.46868767,3.000825636,15.73488799,0.855160033,1
Homemade Brown Sugar,391.2757848,0.009543592,0,0.008771684,0.001712233,97.39319598,0
Crock Pot Candy,372.3404255,64.43,6.923333333,0.000555556,12.78688889,18.74333333,0
Potato English Muffins,677.2222222,1.265129025,3.193841821,1.49525196,0.798070336,3.401461521,1
Lite Cinnamon Apple Snack,61.44858035,23.51631622,11.05288405,0.033042839,1.856757029,2.734374243,0
Chocolate Brittle,410.9386599,45.59603878,9.096458138,0.007341716,14.96157022,30.58657537,0
Sugar & Spice Nuts,565.3646049,58.95229024,12.45778855,0.006494069,8.766343406,12.31058966,0
Vineyard Fizz (non-alcoholic),626.980691,0.029822435,0.095325285,50.99703023,0.007881644,11.22802047,0
Vegan Shortbread,44.58776932,8.374083955,1.249704502,0.065319194,1.57258001,75.50718764,0
Tequila Sunrise,402.3223352,0.025,0.085,0.06475,0.0024,40.4075,0
Cheesy Potato Loaf (Bread Machine),237.8,14.40403261,11.64005074,0.811663503,8.141083682,2.116505244,1
Sunflower Seed Mix. Back to School,208.8227608,25.11525974,8.751623377,0.03125,2.190746753,20.02435065,0
Summer Strawberry Shortcake,440.2597403,32.82353355,1.550587284,0.985502532,20.61075749,26.70848572,0
No-Knead Swedish Cardamom Braid,405.01477,47.29229173,2.173043975,0.157173768,3.506205709,0.455031732,0
Garlic Squares,501.5685202,9.941374052,7.812989838,1.013771446,5.92290336,2.500677109,1
Pear 'N Cranberry Pie,249.9098965,5.73520924,1.924864184,0.042870314,2.337809801,33.49089556,1
Sausage and Rice Bake,253.8600358,10.13025322,3.196903771,2.174726867,1.179480224,2.788862323,0
Cajun Butter Sauce,123.6336393,14.58201987,15.88418246,52.55971727,4.127413148,15.84068873,1
Creamy Vegan Hot Cocoa,264.6745511,0.469263611,0.947406204,0.022480825,0.284561907,12.24241508,0
Roasted Shrimp and Vegetables,56.90104659,51.79395874,7.376647975,0.470636966,12.57293024,1.517845582,0
Almond Bark Rice Krispies Recipe,494.7045535,54.75589482,10.94704016,0.008234287,7.34759471,3.173962128,1
"Vegetarian ""chicken"" Fried Steak",579.0135723,8.939145192,5.58304821,0.158837782,3.010627843,3.25977341,1
Chipped Beef Bake,225.4353559,13.69208369,19.11152985,2.135191427,6.168346128,1.681382478,1
Blackberry Kamikaze Recipe,267.1098804,0.245,0.695,0.0025,0.007,2.44,0
Crunchy Granola,137,12.10236887,14.34433164,0.320828046,1.378278342,11.84856176,0
Apricot Strudel,388.7478849,33.77521177,9.389552783,0.512053576,22.11314306,17.7682833,0
Apricot Mustard,468.7946262,3.012371134,3.745360825,2.384793814,0.192783505,8.027835052,0
Scrumptious Chocolate Peanut Butter Cottage Cheese,84.22680412,4.391414664,11.11155481,0.904073943,1.734995711,2.864544818,1
Buttered Potatoes,100.0154472,4.874270112,2.468363458,0.02560167,2.999206194,0.004149446,1
Best Ever Hot Cocoa Mix,96.90686982,5.88494133,4.188163531,5.106165021,3.650819519,36.16758242,0
Del Rancho Garlic Dressing,208.7213634,72.68164664,1.034460648,1.548851312,11.36422761,0.636725048,1
Peanut Butter Pots de Creme,663.9857834,22.51205632,11.22759489,0.464039395,14.2479657,19.82480735,0
Chicken Shepherd's Pie,357.9159032,21.67368198,6.165574646,0.284843492,5.430704274,0.075775326,1
Deli Coleslaw,242.6057104,10.00957224,0.969189351,0.979658989,1.573437033,4.942267424,0
Roasted Beet Relish with Apricots,123.1229435,5.517537942,1.741996192,0.129228039,0.752386017,22.36400661,0
Eggless Crepe for Egg Allergies,151.1898758,22.22885901,1.172847351,0.730074812,13.78012183,1.525048929,1
Italian Herb Rolls,209.6264477,1.616406006,6.605020506,0.639537232,0.248065547,1.290944009,1
Freezer Sweet Corn,184.2249242,0.905697935,2.46827569,0.753607863,0.139338144,2.989549639,1
Hot Chicken Salad,67.678527,34.91310847,15.53488985,2.443496055,4.313550985,2.791236082,0
"""Bread Machine Cookbook"" Semolina Bread Recipe",411.029627,2.899247883,8.164558834,0.808673495,0.406172681,0.706477274,1
Baked Potato Dip,249.9137481,34.94833333,10.545,1.445,12.38983333,1.391666667,1
Perfectly Chocolate Hershey's Hot Cocoa,365.5,1.065144972,2.954102406,0.295743368,0.671560765,13.44540407,0
Egg Nog Truffles,114.4231956,6.892332628,3.099659136,0.169503763,4.363268406,80.54820087,0
Ice Cream and Candy Shakes,402.0276751,28.48157895,5.513397129,0.222348485,17.25482456,52.67870813,0
Strawberry Jam,479.2503987,0.160747164,0.354558787,0.002489549,0.008688164,48.46321068,0
Bon Appetit Cranberry Margaritas,194.9572904,0.124183718,0.515237266,0.044432956,0.007368306,11.89203309,0
Advent Cookies,87.46190684,18.21183482,4.451459247,0.043565874,11.1526019,33.73764094,0
Classic Caramel Milkshake,417.8357646,9.900295326,3.520544427,0.18944209,6.115594504,19.96257062,0
Mozzarella Marinated With Basil and Sundried Tomatoes,190.3441192,35.13655814,13.25313972,0.137301268,6.885217712,17.07699896,0
TSR Version of Burger King Zesty Onion Ring Sauce by Todd Wilbur,448.7942033,70.94077867,1.014649204,1.518360574,11.09619228,2.578242095,0
Boiled Peanuts,654.8069374,5.499956834,0,2.544987433,0.790178798,0,1
Asian Green Bean Salad Recipe,48.61961841,9.715960405,1.557982343,0.421823449,1.385445821,7.736790942,0
Basil Cheese Torte,132.9405649,43.82521882,23.70317905,2.249896253,27.21136209,0.568434796,1
Vienna Sugar Cookies,494.7955434,5.313101574,0.92288529,0.009766731,3.26157853,5.717359302,1
Chocolate Peanut Clusters,94.80806251,30.5452661,6.314722185,0.000112658,16.66182236,50.46798252,0
Godiva Truffletini,488.9369564,13.8684,3.4684,0.0012,8.6684,27.7316,0
Low Carb Cessesburger Soup,353.72,16.26630751,11.74105176,9.625828353,6.902475256,3.705374694,1
Cheese Buttons,211.1856983,36.25179156,14.11204769,0.8817224,21.52423003,0.33377364,1
Black and Blue,469.4680542,0.393698207,1.025282082,0.001837633,0.020614261,7.653354558,1
Passover Apples and Honey (Charoset),49.68397397,7.063353602,2.072810628,0.003232327,0.687816528,12.78784645,0
Bone Dust BBQ Rub,132.4915169,13.35355364,13.35445903,5.598008148,2.217926664,8.843820733,0
Godiva Cranberry Martini,276.0525124,2.016428571,0.810714286,0.004464286,1.199285714,14.18071429,0
Cinnamon Oatmeal Milk Bath,89.28571429,5.378222115,13.37308279,0.026298884,1.039869911,1.021440617,1
Shrimp Cocktail,320.4850237,0.51,20.1,0.2975,0.101,0,1
Mexican Hot Chocolate - 4 Ww Points,85,4.476077263,6.658141049,0.07918869,2.742816592,46.00984102,0
Simple Potato Bread,249.4710208,2.598996027,8.024623694,1.633686097,1.289832074,0.191739786,1
Bubble Ball Bonbons,191.8202477,28.21088341,5.338895043,0.004552063,19.65291471,39.77381612,0
Fresh Cherry Smoothie,443.7551925,0.034876435,0.956195237,0.014842174,0.009343105,69.02230704,0
Spicy Raspberry Balsamic Dressing,259.3939796,60.80489175,0.37935983,1.489439696,8.425999875,5.01403881,1
"Shortbread Cookies ""Hugs & Kisses"" Recipe",569.6636925,30.31290743,3.154063451,0.017383746,18.73707084,21.95132551,0
Naan Bread,501.303781,18.11745514,4.740619902,0.954730832,2.508972268,0.794453507,1
Parmesan Polenta,310.6035889,2.008056488,5.706182506,0.784458982,0.795191314,3.561306955,1
Cheddar and Black Pepper Biscuits,206.2093906,19.63811254,8.066696509,0.527142309,12.09519224,2.450803292,1
Maple-Glazed Sweet Potatoes,226.8298168,4.322716509,1.393709391,0.12293958,1.415162212,8.261573278,0
Ruth Feeney's Blackberry Jelly,133.8807737,0.613290765,0.737764433,0.009796967,0.225370914,33.01355707,0
Peachy Cake,146.9163928,64.68533805,1.470453755,0,11.20113647,2.07281517,0
Marmalade-Glazed Spareribs,589.1625036,4.303998627,16.7088978,1.26004415,1.530397103,6.077212279,0
Pepperoncini Pork Roast,137.0479166,1.928654261,14.34091257,3.977739295,0.639044675,0.519912935,1
Awesome Healing Chicken Broth,97.35777553,2.947650852,11.36518885,0.546464763,0.814224781,4.52620912,0
Macedonian Sausages Filling,94.47627821,4.781064397,13.32771977,0.089402941,1.280883965,3.683027664,0
My Gingernut Biscuits/Cookies,239.3041989,12.21221729,4.9355316,12.77985627,2.312576622,10.7324033,0
Roasted Strawberries with Black Pepper,326.3369267,0.299401198,0.724404849,0.005841975,0.027457281,10.5506061,0
Whipped Carrots With Cranberries,56.37505477,2.210821974,0.376781468,3.063779965,0.894117012,57.23297307,0
Besan Barfee Recipe,259.8852947,29.41582623,4.938603543,0.013911781,3.971872833,51.44928328,0
How-to Roast Almonds Recipe elanaspantry,522.5540648,49.27816098,20.87388553,1.267176061,3.752364671,4.2932105,0
Chocolate Cherry Granola Bites,571.4411217,8.129325195,2.799489697,0.028335868,4.934519524,43.75273712,0
Almond Crescents # 2,258.55033,9.606005879,2.220178992,0.003070939,4.239569776,78.14365412,0
Nana's Butter Biscuits,418.1996988,17.50369055,5.864914379,1.456183665,10.69355724,2.064893182,1
Spiced Pumpkin Butter Spread,329.1481824,0.140022872,0.78842164,0.194960401,0.077053829,28.39959083,0
Easy Hand Kneaded Bagel,125.0620751,1.006071393,7.1750468,0.110982489,0.147099832,6.946572845,0
Sriracha Barbeque Sauce,234.1128608,0.12636107,1.612671954,4.007091007,0.010216427,26.03934221,0
Taco Seasoning,119.8189721,9.481481481,11.05555556,24.49074074,1.292592593,4.148148148,0
Buttermilk Biscuits,250,12.9193754,5.726069717,1.620355452,1.996756522,2.269418836,1
Old Fashioned Shortbread Cookies - Shortbread,278.3856867,45.11790841,4.271189337,0.017515379,20.78605605,10.85355434,0
Dianes Butternut Squash Soup,566.9002051,13.88491286,11.45759547,12.88087171,4.378241974,5.707874078,0
High-Protein Milk,266.0785585,0.971311475,3.368852459,0.109631148,0.633196721,5.200819672,0
No Bake Granola Balls,41.80327869,25.81031065,6.324225386,0.029224982,13.39203948,39.41469137,0
Applesauce Cake (Ob'l Dunkes Kucka) Recipe,456.2838767,10.38492641,3.405035312,0.52893687,6.295757184,17.62574802,0
Shrimp Stir-Fry,308.2645965,40.83880492,6.43195113,4.867661351,10.04167601,1.401638601,1
"Fruit, Fiber & Nuts",429.8748306,1.744794961,3.146803613,0.091009133,0.541007868,6.640820663,0
Beef Flavored Rice,147.1957297,2.007622009,0.944881139,0.010064105,1.189171786,0.013736788,1
Grilled Asian Spiced Pork Ribs,49.69092227,5.460474774,18.80909107,2.554028904,1.765871276,0.303918291,0
Peanut Butter Chocolate Chip Cookie Dough Dip,132.5147721,10.390668,5.079622592,0.377307998,4.843534633,76.44015765,0
Thyme-Roasted Carrots,404.5960556,4.189730277,0.921016423,0.16586887,1.46549777,4.529991728,1
Fudge Quickies,74.50222156,24.57794321,6.374786429,0.025323407,15.30929135,35.9675779,0
Best Buttercream Frosting Recipe,445.9157107,81.94388632,0.422333164,0.026206635,34.92840692,8.309197712,1
Brown Rice Crispy Bar,757.5894502,10.62898476,5.670887531,0.080867742,0.861878244,32.76566053,0
Marinade for Grilled Vegetables,306.6154493,46.69932553,0.428635843,0.676841641,6.457164597,5.563811599,1
Brie Raclette,448.0808612,4.699084436,4.640755178,1.718060827,2.61087732,2.309014317,1
Honey Glazed Pecans,85.52038328,1.616583166,0.500646211,0.010098657,0.138889032,80.3631912,0
Bacon Pecorino Popcorn,312.8124855,24.55055005,14.46582425,3.069040085,5.937415796,0.62925539,1
Pineapple Pop 'em Balls,288.8225469,74.07341778,7.675246528,0.012132349,51.05049413,0.54367378,1
Potsticker Dipping Sauce,714.0379241,0.367005951,10.30470669,13.67230304,0.047704515,2.305438787,1
White Chocolate Macadamia Nut Bark,64.67031929,34.558753,6.869304556,0.002098321,15.9294964,45.49520384,0
Incredible Butter Substitute,507.3141487,58.82217754,1.210858949,0.167336972,9.771760988,1.686297041,1
Red Wine Vinaigrette,533.4673944,42.79121568,0.101801742,1.358690272,5.912899287,0.004784847,1
Peanut Butter & Jelly Filled Spiders,389.6020327,5.753220701,11.64997393,0.018061083,1.08063585,5.784650636,0
Apricot Dipping Sauce,368.233009,0.543050431,4.386838868,2.524292743,0.061131611,34.97109471,0
Southern Fried Tofu,175.7687577,1.616273533,6.934171832,0.155113765,0.536749264,3.258657371,0
Cinnamon Butter,153.9181553,40.47048853,0.432338027,0.016215145,25.19109558,48.83498917,0
Almost No-Knead Bread 2.0,552.3088478,1.010540876,7.931749824,1.130493253,0.146265866,4.58889942,1
Strawberry Preserves with Black Pepper and Balsamic Vinegar,219.7120605,0.141206675,0.359435173,0.006240194,0.011125374,46.17315647,0
Honey Graham Snack Mix,185.1376409,0.513708514,1.871861472,0.044155844,0.143665224,24.13939394,0
Sesame Honey Dressing For Spinach Salads Recipe,267.8499278,53.81031479,0.628367702,5.406251266,7.432726978,21.30028765,0
Mike's Special Seasoning,559.3931046,3.645528455,9.58699187,4.865447154,0.750569106,26.9495935,0
Forbidden Rice,318.0487805,0.052757794,0.509592326,9.763788969,0.014628297,0.009592326,1
Vegan Cinnamon Crumb Cake,24.58033573,14.13149725,3.964741884,0.82551298,2.606429247,21.13470522,0
Margie's Shortbread Oatmeal Cookies,316.8810242,22.45400038,9.677186593,0.266806398,12.43097909,14.44980844,0
Brown Sugar Shortbread Cookies,457.2645902,25.88686283,4.723718746,0.033499102,15.9122807,24.33209007,0
Mustard and Brown Sugar-Rubbed Salmon,475.4109684,6.885029084,17.58476518,1.424184297,0.971837934,2.319036111,1
Sport and Misty's Horse Cookies,150.2144369,0.550720982,0.943512563,0.335827693,0.082229789,0.357968638,1
Vegan Mexican Wedding Cookies,44.47807626,48.5866809,5.666622181,0.002001868,26.79781129,8.013479247,0
Bacon & Brussel sprouts,601.0943547,10.04,6.15,1.2625,1.582,1.466666667,1
Caramel Butter Sauce,131.6666667,33.17733999,0.676281562,1.471831145,20.6472304,4.407490179,0
Muesli,313.762302,6.256786925,6.793401869,0.029042527,0.71249621,15.05264173,0
Ganzies Biscuits,254.4304495,25.98549769,5.257498352,1.601845748,6.552282465,1.563117996,1
Sesame Seed Powder,386.5359262,46.74509804,16.68627451,5.724673203,6.547712418,0.281045752,1
Honey Teriyaki Chicken Wings,539.2156863,8.146573303,12.5646482,2.00864992,2.239773617,19.66837332,0
Tofu Jerky I,202.3206319,4.557075353,7.853298949,3.655783656,0.668970214,0.607619238,1
Emeril's Mango Lassi,76.51492618,0.12014906,0.923692232,0.010424416,0.018865438,5.389755919,0
Orange and Mango Breakfast Smoothie,29.52169055,0.126530201,0.40269071,0.010694993,0.033618906,7.057488815,0
Homemade BBQ Sauce,33.56242456,1.069784347,1.814877635,2.29373637,0.072813181,15.40465229,0
Blueberry Sweet Tart Recipe,88.80542767,0.1425,0.4675,0.00375,0.018,8.19,0
Crisp Coconut and Chocolate Pie,97.75,65.41643589,4.691777117,0.016097864,56.81588742,6.677152637,0
Berry-Mango Smoothie,675.5041321,1.64777507,4.330531066,0.070183395,0.414661979,6.118008753,0
No Bake Snack Mix,64.04610241,43.07085029,10.65169745,0.297938006,4.924576195,1.808046697,0
Chocolate Lollapoloozas,457.3176186,9.267033121,0.826945413,0.008309289,3.341595274,14.75741736,0
Grilled Chicken Wings With Tandoori Flavorings,141.0413211,39.60461701,4.278577575,0.197757769,5.856644154,0.134172733,1
Neck Bones 'N Rice,376.7455048,1.503826858,14.48786058,1.331054711,0.480215566,0.017838234,1
Winter Crunch Bark,114.866139,24.00632293,9.755088783,0.017193437,3.069061724,40.78434744,0
Microwave Tablet,436.768484,12.98952978,0.848014983,0.030723367,8.091723474,62.77469096,0
Salmon With Mixed Berry Reduction,367.1053858,5.761408159,9.443448553,7.049921252,0.828998981,2.92998539,1
Easy Apple Crisp with Honey,108.0783952,4.87618668,2.787629538,0.013116893,2.645090224,26.35158345,0
Thyme-Toasted Almonds,210.1674034,54.24916217,15.65025259,7.534317122,5.241902071,3.220775528,1
Dutch peanutsauce for french fries,583.2811435,61.68673072,6.306863503,1.048331677,10.2223613,8.279092884,0
Braised Brussel Sprouts With Vinegar And Dill Recipe,614.3712648,0.294896974,3.30928315,0.06164628,0.060664167,2.149414884,1
Citrus-Ginger Dressing (Volumetrics),42.51387528,11.24498982,0.193199428,33.72299969,1.568283818,21.20330383,0
Shanghai Asparagus,185.9054995,1.960273743,2.300410092,8.777488179,0.371229532,1.737049877,1
Sauerkraut,45.67554775,0.097674379,1.250232045,2.296899258,0.033209289,3.125580113,0
Raspberry Vinegar,24.41859464,0.157459651,0.333289595,0.010989371,0.004526965,14.26584438,0
Low Carb Flat Bread,75.58063246,82.62483444,0.461173997,3.105295138,11.40935593,0.024714284,1
Easy Cheese and Onion Bread,746.0914565,22.63932702,1.103738063,0.116548775,14.0502783,25.09174499,0
Sweet and Sour Sauce,313.0633287,0.000285042,0.013051941,0.020183627,3.30E-05,41.17986175,0
Black Pepper Mustard,162.8008416,1.265758951,2.561775088,41.66256934,0.27584468,0.297528996,1
Raspberry Sauce With a Twist,57.48865356,0.417792184,0.774356204,0.003676691,0.013656282,13.27930848,0
Peanut Butter Chip Squares,72.99357705,38.30296626,3.44634435,0.060915159,25.20328821,28.55557891,0
Blue Cheese Spread,531.6435198,26.15990012,7.233926773,0.209939782,3.349922034,42.57313057,0
Hester's Red Velvet Cake Icing,437.6129473,30.25114821,1.669096741,0.045017132,7.690529999,31.26412481,0
Pear Butter,408.7993001,0.12582817,0.307859887,0.002044094,0.024424133,25.58980274,0
No-Fail Piecrust,113.9255486,30.51693299,11.45540613,0.841710555,16.87200065,0.022412142,1
Butterscotch Sauce,402.5781025,17.05553663,0.479386712,0.870954003,10.64129472,58.23611584,0
Maple-Pecan Cream,372.572402,57.74114188,7.386720029,0.005271483,6.829827729,9.970468075,0
Spicy Chicken Mac Skillet,586.5627319,15.74671452,23.36905024,2.095519679,9.491932388,1.073202681,1
Chocolate Chip Ice Cream Pie,248.6111254,22.76104767,5.010799404,0.028363952,13.54131082,33.59322244,0
Skorpor,354.9031778,53.34029369,1.73677956,0.077518886,33.1461336,20.77344877,0
Raisin Carrot Salad,586.2066039,1.332305384,2.17325111,0.16155613,0.270463107,1.364770248,1
Protein Mudslide - Protein Shake,244.0115372,1.676897583,46.75180323,0.287064459,0.943528878,4.5305921,0
Diabetic Champagne,236.8529345,0.087591241,0.397810219,27.57208029,0.029927007,13.11678832,0
Tomato Gravy,55.47445255,0.442336994,1.031282256,3.08673344,0.079532732,2.064093672,0
Vegetable Risotto,23.98324477,7.123687148,10.09590234,2.653257924,4.175659615,0.864350853,0
Sweet & Tangy Barbecue Sauce,139.7588992,0.125984708,1.017435125,2.156293443,0.012077155,24.18008573,0
Nigella Lawson Cocktail Sausages,110.2583411,5.441696407,3.359761143,0.47168635,1.574679546,65.04140534,0
Almond Crescents,302.2891139,27.40318872,10.75604758,1.22127399,2.397336066,44.87594962,0
Whiskey-Flavored Crab Soup,485.0909636,9.385001408,4.538461291,0.488899073,5.896878167,4.699832344,1
Kabocha No Nimono - Stewed Pumpkin/Squash (Japan),145.8942208,0.085496306,1.17368826,0.476943658,0.042873883,4.684694652,0
Maple-Cinnamon Frozen Yogurt,32.37543943,0.046277494,1.205023977,0.029901536,0.013883248,53.16807909,0
Pot Pie #1 Alaska Chicken Pot Pie,245.0703368,17.29716953,3.825228219,1.249422231,10.61755079,3.071850673,0
Homemade Taco Seasoning Mix,218.6848577,2.090163934,2.950819672,72.08760246,0.320696721,5.625,0
Berry Syrup Recipe,85.04098361,0.209796212,5.156487583,0.272871632,0.011919564,21.47121815,0
Captain Cocoa Treats,154.2924486,34.39307075,16.76530939,0.075215869,9.006893539,18.36777164,0
Basic Polenta Recipe,471.8243984,0.314861461,1.277765056,0.675520953,0.039500801,0.289672544,1
Easy Tea Biscuits,66.52163957,20.31442532,2.906486793,0.183746725,12.65283974,3.842327031,0
Honey Cream Cheese Spread,212.1839813,16.31685767,22.69593962,2.176351986,10.36473181,29.69875778,0
Masters Acapulco Salad Dressing,355.9015728,70.48569188,1.165746378,1.830855138,10.9742262,1.636095344,1
Apple Pie Filling for Canning,646.6722199,0.186585333,0.503827738,0.002738929,0.034118268,11.81168339,0
Spicy hot chocolate,69.38620932,1.929635238,3.277266769,0.096784035,1.222552432,13.5417985,0
"Oh Boy, Salad!",83.69304827,3.441064514,0.615266685,1.546536463,0.546598704,1.773666245,0
Cheesy Sun Crisps,43.42442329,54.83654545,14.35876507,2.201614833,13.06601371,0.646440196,0
Broccoli Salad I,568.8345549,2.777647626,3.509290521,0.110498633,0.394205195,2.443694159,1
Always Right Rice,74.32646593,11.83467742,2.263104839,5.866935484,7.288306452,0.050403226,0
Im a Good Mommy Steel Cut Oatmeal,206.1491935,1.386900501,3.828740157,0.052120616,0.446403006,2.270937724,0
The Fairway Cafe's Mitchell London Hot Chocolate,72.56621331,7.460077131,3.532855065,0.233291541,4.446816079,16.12093389,0
Cane Sauce (For Dippin' Chicken),139.578516,30.12723931,1.125159049,1.976576859,4.711005191,12.65273766,0
Honey Oat and Wheat Rolls,334.8918466,4.170660595,12.98729002,0.163898218,0.867775371,1.370522622,1
Blackberry Jam,359.0030178,0.386130685,1.082158873,0.002482383,0.012331839,23.02994875,0
Spiced Pecans,108.2959641,36.61303139,4.652363925,39.26698451,5.69030592,7.25864124,0
Peach Cobbler,376.6388558,17.94068087,4.913727029,0.053608077,10.98292357,14.13955202,1
Rouge Brussels Sprouts,352.6270584,4.601761421,4.717706651,0.530226238,1.317805345,1.916110435,1
Dede's Buttermilk Bread,84.02531286,2.025908901,5.835591905,1.039251388,0.930511611,6.368634708,0
Vanilla or Chocolate Buttercream,182.4428392,33.91034365,2.520849306,0.114481267,21.12167033,9.340706938,0
Cheddar Cheese Straws,345.864341,48.9970309,14.46628904,2.165481544,29.30036316,0.407161888,1
Apricot Preserve,508.5689167,0.286872786,1.906860286,0.014062391,0.009562426,73.70603439,0
White French Dressing,302.2297741,6.698936043,1.07567546,0.154666631,1.070175906,4.34717765,0
Orangey Strawberry Drink,98.11310705,0.079576607,0.188470911,0.006948675,0.004645142,1.528137374,0
Sauerkraut and Pineapple: a Side Dish for Ham,9.594882729,0.880061535,0.585700864,0.249312657,0.483532708,8.555413183,0
Sharp Cheddar Cheese Ball,51.59850966,4.928213543,6.004575982,0.436201193,2.920308194,3.672028826,0
Brown Butter Fruity Pebble Rice Krispy Treats,105.411361,20.27499653,5.363495176,0.011366003,12.28329111,39.8114198,0
Crazy John's spicy mustard,368.4623794,0.658566597,1.636266993,27.54302687,0.156072122,1.100401237,0
Seared Salmon With Lime Butter,43.58356213,6.861852622,16.97164031,8.848095761,1.737615586,0.065414802,1
Pizza Dough,134.9899176,2.788262032,6.737005348,0.523435829,0.3975,0.973796791,0
Skillet Candied Sweet Potatoes Recipe,256.4652406,14.37305053,0.149719276,0.91430131,8.944479102,62.7448534,0
No-Bake Chocolate Peanut Butter Oatmeal Balls,366.8122271,10.79673535,3.281928641,0.011979971,4.990819843,67.64793245,0
Easy Chocolate Sauce Recipe,367.1389856,13.07138106,7.604685518,0.242551743,8.211498005,54.13772701,0
Honey-Sweetened Ketchup,357.3190917,0.019429276,0.548280267,0.124974265,0.005175219,75.18520559,0
Shanghai Ketchup Shrimp Dip,284.4344359,2.191716682,2.399863789,2.527242157,0.366321883,20.18750266,0
"Rehydrated Onions, Mcdonald's Style",155.024901,0.00023406,0.002574665,0.00844812,9.80E-05,0.009918313,0
Baklawa - Syrian Version of Baklava,0.093624192,11.63611291,2.023722819,0.109399921,4.008172101,71.5005869,0
Tahitian Vanilla Frosting,403.5570556,45.48429342,1.542077603,0.024773487,28.30768607,14.08921441,0
Shrimp Fajitas In Lettuce Recipe,484.1398492,0.090611354,6.802401747,11.88209607,0.010480349,15.31113537,0
Karens Cheese Ball,94.3231441,23.01506115,20.36945618,2.517220216,9.538552444,3.83232754,0
Italian Feather Bread Pizza Dough,312.9486814,5.987959866,4.75451505,0.787625418,0.832107023,1.772575251,1
Tropical Peanut Squares,186.3545151,30.42823444,12.64833968,0.072825129,7.04979003,37.15588304,0
Cream Cheese Frosting,467.7268839,25.74710214,8.811893944,0.836965845,16.10674571,50.15864738,0
Golden Roast Turkey,467.8561644,9.887603457,19.08437664,0.161037356,3.494217626,0.002170502,1
Cinnamon Stove Top Granola,165.2861858,14.02046626,12.41281505,0.012821827,4.407613324,13.9618795,0
Barbecue Sauce,399.2641462,0.215533125,0.285820781,0.183750416,0.037761295,1.124138847,1
Frozen Berry-Melon Pops,25.93865365,0.217308195,0.427018818,0.001606501,0.007372068,61.77077617,0
Raisin Orange Salad Dressing,247.370359,3.14930282,1.379286718,0.087104731,0.522491349,5.017301038,0
Whole Grain Baking Mix,161.293638,3.368557324,6.107606042,0.214336684,1.520257044,3.613435548,0
Powdered Sugar Icing,165.2616064,0.155511811,0.539370079,0.021052056,0.101377953,82.98140857,0
Blueberry Pineapple Basil Smoothie,333.552056,0.854222073,5.992674213,0.098588183,0.457732321,11.08804863,0
Almond And Cream Cheese Biscuits Recipe,86.50610458,22.63823678,12.18491715,0.339286407,6.58650227,27.91752357,0
Chocolate Almond Popcorn,459.237127,24.15143702,9.091908698,0.926006673,5.804807765,36.55304467,0
Orange-Balsamic Dressing,444.1495412,28.06609195,0.707854406,0.010775862,3.847828863,5.026340996,1
Parmesan Potato Wedges,278.4163474,10.57455153,14.85747418,2.661615178,6.696809419,2.084649395,0
Spiced Honey Pretzels,182.2833287,5.295798292,6.059466352,0.5196607,2.363674517,20.53421252,0
Nutty Granola II,348.0089103,16.50910627,10.11068042,0.017436903,1.653480276,9.693063132,0
Honey Vanilla Almond Granola,395.2443732,24.1778099,11.64016384,0.004668112,12.48915793,17.90085532,0
Chocolate Caramel Sauce,462.2334658,21.82346337,4.985482538,0.28222703,17.60869364,43.2222276,0
Dijon-Horseradish Dressing,432.8301013,38.40986926,1.845658837,1.061227442,8.534333657,2.167571076,1
Cheese Straws,365.0189222,30.12944714,16.43505373,1.61273036,17.5236067,0.370525026,1
Chocolate Chunk Cookie Dough Frozen Yogurt,429.7644897,27.50022238,3.789342629,0.802234458,17.14821625,55.47055802,0
Ma Grilli Risotta Recipe,472.1713774,5.806322276,7.754005115,24.23124461,1.422984792,8.498282991,0
Salted Bittersweet Fudge with Toasted Walnuts,142.5312075,30.00146606,11.08490841,0.537815431,22.45826541,28.39379462,0
Orange Marshmallow Fruit Dip,515.3781244,12.93647408,18.59696627,1.796250642,8.180588682,25.99340006,0
Mustard Dill Bread - Bread Machine,336.2452288,2.506826808,6.649610324,0.864933127,1.143686163,1.703954281,1
Best Buttermilk Biscuits,222.6265629,80.04451521,1.521965168,0.053938134,20.00744086,0.414608786,1
Lassi (Yogurt Drink),752.5019496,0.203058636,5.222582441,0.050082468,0.060264585,2.97206378,0
Orange Creamsicle Protein Balls,35.37723392,96.44951683,1.134191897,0.002480747,86.34368538,0.465858414,0
Skillet Chicken With Black Walnuts,861.7689752,35.46063257,8.574960778,0.684882988,4.619211861,0.979188281,1
"Spicy Hot Wings, Low Carb",356.5016348,61.12771107,5.471384009,0.081295966,36.91982881,0.214950501,1
Fruit & Honey Spinach Salad,572.5045959,12.91840846,2.339567112,0.058854204,1.105498012,24.80912922,0
Potato Bread (Bread Machine),259.8095102,0.876434429,2.83961183,0.137945213,0.43353625,3.314852576,0
Smoking Brisket Rub,47.57616801,4.418491924,5.769894346,32.16095812,0.83544751,26.41458125,0
Blueberry Topping for Ice Cream,202.3858427,0.276866022,0.072893133,0.000266422,0.155420095,90.96189096,0
Garlic Mayonnaise Dip,351.2937465,73.44424289,0.979091083,1.347145312,11.29501623,0.615333206,1
Fiery Creole Pepper Rub,668.7034562,4.902354968,9.263149257,26.8157668,1.186223025,3.384343973,0
Rose-A-'Rita (cocktail),202.2647083,1.057603922,0.540802778,32.84942805,0.616612195,0.569145133,1
Cinnamon Vanilla Ice Cream Sundae,57.68052293,4.394381444,2.626471243,0.071630729,2.349313228,12.72357521,0
Hard Sauce,136.6787719,69.15070421,0.752800064,0.031602486,43.00926205,14.04445136,0
Brine For Oily Or Strong Tasting Fish Recipe,665.8800091,0.009315972,0.079346383,11.96030272,0.002256714,3.085674819,1
AMIEs Chocolate RICE Pudding (Champorado),13.34218529,1.451087761,1.832174042,0.044213408,0.886192097,9.932662424,0
Miss Pixie's Honey Crackle,73.03537073,5.996358437,2.453642019,0.004852908,3.647145283,3.916914885,0
Condensed Tomato Soup Recipe (Gluten-Free),180.8225767,0.069655647,0.306484846,28.56909933,0.009751791,1.773885654,0
Green Beans With Coconut,9.545051741,54.09614174,0.696401875,0.11598988,49.01032412,1.847460394,0
Classic Cheese Log,496.4456145,43.76265348,8.043090212,0.279655155,8.974394076,3.437150273,0
Golden Smashed Potatoes,439.7291709,1.276029885,2.916348683,0.434309885,0.316041519,2.512996632,0
Southwestern Chicken,77.62520493,2.782572545,18.77758333,12.32547223,0.563553589,0.59429627,0
Raspberry Lemonade,113.0440902,0.057149278,0.090218805,0.006160403,0.006846676,13.44035445,0
Trail mix,54.32392083,43.15753854,11.08142576,0.009944568,12.06821237,12.92973426,0
Cranberry Wheat Bread,505.6582752,1.148388702,1.509689721,0.256721005,0.165146393,70.02911416,0
Asparagus Topped With Crab Recipe,322.8528923,4.769739418,7.787779634,0.528337634,2.913795208,3.289027827,0
Super Skillet Fish,97.25391437,44.10626497,5.491557748,0.152704313,26.26441956,0.422487416,0
Biscuits,494.5161471,66.77220916,1.473373138,2.280320849,41.51848501,0.4574513,1
Whole Wheat Cookies Recipe,619.6851818,2.106361203,7.37561014,1.451149425,0.394426075,22.07368918,0
Oven-Roasted Cheesy Cauliflower,346.520233,13.38672254,3.090272746,0.205924385,2.458668944,1.629292329,1
Adults Only Blood Bath Cocktail!,143.7495696,0.241559638,0.124373431,0.018465291,0.064390012,10.64267042,0
Raspberries With Knepp,82.84251594,0.064443029,0.298665385,1.085723604,0.022101378,85.01174783,0
Croq-Tele (Almond Cookies) Recipe,333.2240991,31.09886324,8.366058101,0.67702951,12.50539672,24.25881272,0
Pecan Pie Brittle,499.2536457,31.43085674,3.047754473,5.913911601,7.09254651,49.14267093,0
Plum Glazed Pork Tenderloin,481.8698898,0.497833803,3.762666911,1.818692202,0.143859898,7.906887817,0
Beet and Horseradish Relish,56.78481045,0.19498196,1.570921868,0.245904894,0.03002711,7.637029554,0
Parsley Butter,45.72534195,19.59580743,2.411965019,0.126261452,11.93134713,0.745102637,0
Lisa's Low Fat Shrimp Diane,196.1156156,0.822361885,17.93234968,0.377169815,0.169935861,0.232962685,0
Aunt Kay's Peanut Butter Fudge,89.70380237,23.19058191,10.44987147,0.047178079,4.723124562,45.33711147,0
Creamy Carrot Casserole,426.6183688,18.36372273,12.29929852,1.602459376,6.584398275,3.547196133,1
Olive Stuffed Cheese Biscuits,323.7519267,28.01698772,10.41071696,1.55602246,15.05370067,0.262906114,1
Classic Pizza Sauce,354.4039621,3.319360092,1.702197703,1.858532766,0.54281407,4.40408602,0
Cherry Tomatoes (Stuffed) Recipe,74.00379506,4.196436315,10.89641415,0.883621313,1.672686448,2.650502559,0
Grape Crush,96.2522526,0.077770646,0.351813278,27.88252885,0.02643213,7.551990581,0
Brandied Cherries (For Chocolate Cherry Trifle) Recipe TrishUntrapped,57.80052482,0.19429725,1.013121373,0,0.036083775,16.50454201,0
French Bread Dough,76.52031289,0.96172665,6.773404371,9.48746874,0.140154398,1.526584756,0
Fresh Raspberry Sorbet,197.836251,0.104516564,0.161722463,0.000758484,0.013597385,64.75413975,0
Blood Orange Granita,252.7404705,0.197799839,0.636651462,0.001931849,0.025156963,11.73501476,0
Spinach With Olive Oil and Lemon!,57.33297558,4.373636756,2.648625094,1.719098794,0.589791375,0.5045926,0
Sue's Hash Brown Casserole,57.34321688,51.3595536,2.678901968,0.486738492,30.81862836,1.270985446,0
Peanut Butter Granola,496.6928073,25.35319156,12.2555538,0.119342867,8.989921376,6.868239143,0
Roasted Snap Peas and Soba Noodles,440.8474487,6.12194285,6.131410997,20.58710646,0.867392186,6.833603515,0
Blueberry-Pineapple Protein Shake,177.4041721,0.2554571,0.77739356,0.02744759,0.045969311,9.630430084,0
Flaky Buttermilk Biscuits,52.34493192,15.41765241,5.958598726,1.812215651,9.386396724,1.738853503,0
Garlicky Buttered Shrimp,309.6451319,1.863504545,6.796724334,0.161004379,1.019667117,4.184869667,0
Oatmeal Cinnamon Scones Vegan,62.58381054,22.02586228,1.969818486,1.119317715,4.122025693,18.76911407,0
Carrot Salad With Pineapple (No Mayo),344.7538663,0.436569809,2.000708717,0.080439405,0.132742736,2.012048193,1
Pickled Eggs Or Gizzards Recipe,220.6945429,0,0,8.423913043,0,91.08695652,0
Chef John's Christmas Miracle Fudge,347.826087,39.75255208,4.794425737,0.114732806,27.28648057,26.54642267,0
Easy Salsa Chicken,495.7109683,3.022069281,11.65857719,2.394626943,0.738332952,2.68901768,1
Ginger Dressing,111.3807069,33.65089767,0.43209092,5.542423837,4.847585998,22.0437576,0
Cranberry Vinaigrette,389.3105277,38.22983895,0.057095983,0.097355826,5.279665555,36.16765763,0
Trail Mix,500.0025354,27.37234043,7.794326241,0.042553191,2.645744681,1.081560284,1
Sauced Fish,444.3262411,13.76643173,12.2653859,0.271861242,4.416846733,0.612824325,1
Chocolate Cashew Spread,179.0762709,78.54695358,1.950098862,0.032893624,47.54920197,1.311561116,1
Easy White Sauce in the Microwave,706.6331088,5.842283943,2.077330515,0.346195557,1.068041658,2.725870683,1
Chocolate Macadamia Nut Bars,79.77551931,66.91499996,1.278653102,0.040485363,41.62215968,14.62417434,0
Broccoli With Feta Recipe,659.303944,1.372219857,2.921288353,0.105774238,0.307505873,1.712577745,1
Bootlegger's Beef,43.08915198,6.364743489,4.042237765,0.081434955,3.245133714,1.524164689,0
"Brown Sugar, Raisin, And Date Cream Cheese Recipe",224.6441563,21.38455683,29.85835674,2.847419504,13.55909424,8.073031631,0
Teddy Bear Juice,376.6122214,0.067685911,0.064412107,0.009166653,0.011605637,7.015599679,0
Cinnamon Chicken Salad,31.27301894,22.95064211,4.723344454,0.520468671,3.624493853,3.037521137,0
Grandma Clark's Cranberry Jelly,242.3860884,0.55,0.0875,0.0078125,0.04375,67.7,0
Terrific Toppings,273.75,0.304443943,0.976140215,0.022887975,0.068110039,36.3763707,0
Pineapple Coleslaw,234.7628132,22.64615484,5.688634378,2.719677117,11.85198486,5.660163706,0
Goldilock's Porridge,278.5919959,16.68053372,10.53017064,1.565967658,3.83737357,1.328542105,1
Warm Brownie Pudding Cake,386.5383804,9.274596464,11.5668236,0.2739179,5.497141622,11.90430438,0
Creamy Caramel Sauce,204.8424289,9.794164216,0.771318706,0.020357385,6.251526804,46.34358742,0
Linda's Herb-Crusted Roast Pork Tenderloin,267.3603257,6.506775957,17.82775607,0.1285425,2.269049374,0.121986301,1
Tennessee Whiskey Sweet Potato Casserole,138.9033031,5.637838821,0.577480842,0.179045005,1.831254878,6.129838395,0
Boston Baked Beans (Dry K Recipe,86.47023345,1.081755678,6.551655167,0.393010909,0.166752389,3.425791001,0
Refreshing Chocolate Grapefruit Granita,107.8727567,3.840869686,5.229372072,0.014226626,2.268244595,63.66880496,0
Coconut Bark,303.7194406,76.21184441,2.060945353,0.082724418,68.93890735,14.1738846,0
Graham and Fruit Bars,736.4326187,15.87105437,2.507103102,0.064868512,9.716706236,31.67062365,0
Pork Hamonado,363.8150469,3.263516543,10.62006433,0.469552615,0.639433401,6.766189726,0
Mustard Oil Dressing,105.0699297,52.63975287,0.395167568,1.146178096,7.25741222,0.080808629,0
Lime Ginger Honeydew,476.0483502,0.0568668,0.215523702,0.017759906,0.015914071,62.68022445,0
Chocolate Biscuits (Cookies),241.478755,42.96253317,2.248790134,0.020613259,18.17881043,19.66381329,0
Instant Mexican Style Hot Cocoa,516.4229588,2.156481672,4.080068472,0.675517401,1.197822282,27.7800659,0
Cheddar Breadsticks,152.8521417,24.92681929,0.701978721,0.100970153,3.606547931,0.457089941,1
New American Waldorf Salad,235.3133889,16.9450967,3.684443202,0.392005218,2.248559863,5.422909678,0
Country Biscuits With a Twang,192.9359755,21.54804563,2.655248365,1.355238502,3.569216608,4.535980801,0
Scones,236.3654295,37.51974266,0.754135748,1.489124515,7.059466267,41.44751174,0
Grandmas Beef Barbeque,515.4707604,6.347056525,9.875336298,0.468005005,2.634625636,6.306814687,0
Deep Dish Pizza,128.0329452,7.043925389,12.11962845,0.206625402,3.250232171,1.678080174,0
Chocolate Chip Date Picnic Cake Recipe,165.610632,0.113500597,0.716845878,0.007467145,0.009358821,18.54241338,0
Barbeque Pulled Pork,82.63639984,1.263560975,11.63472238,0.947676584,0.38316158,10.35056086,0
Neely's Barbecue Seasoning,107.6669884,6.348167539,7.729057592,0.121073298,1.042539267,49.42408377,0
Rick's Steak Seasoning II,319.3717277,7.002881844,8.587896254,26.03025937,1.34870317,10.04322767,0
Magic Ginger Cake,224.7838617,13.54893182,4.551504786,0.398268955,8.297871115,19.19506863,0
Toni's Pizza Dough,313.3327542,2.767010874,5.237093025,0.478884888,0.412214087,1.070531077,1
Orange Flamingo,194.0846393,1.392993053,0.20064116,63.65876122,0.867250514,0.825903108,1
Salmon with Vegetables,17.97410391,6.732115112,17.51984007,0.123420145,1.247110139,0.536562436,0
Sugared Bacon Appetizers,139.8052875,20.97088855,8.332118248,2.624141661,3.28479728,27.35162619,0
Roasted Brussels Sprouts With Pine Nuts,324.6125938,47.99852486,3.426218472,0.803793371,5.679773819,6.07727457,0
Tortas De Aceite Y Anis,472.7919289,6.655618176,1.967481669,4.625113847,0.919393138,66.55947859,0
Low Cal Yogurt Breakfast,370.3910751,0.467231609,9.203858503,0.079904808,0.128047495,3.442589127,0
Wholemeal Bread,60.08354409,2.823212167,4.742462312,0.850854275,0.398078077,0.117515237,0
Simple Vegan Blueberry Pancakes,181.1257995,0.514642176,1.527464911,0.173605094,0.05345694,8.738520187,0
Asparagus In Its Own Juices Recipe,73.210882,6.310175299,2.078684801,0.789372191,3.895132214,1.726520665,0
Microwave Peach Jam With Orange Liqueur,73.2086094,0.14095716,0.488156901,0.000134887,0.01151937,47.95214201,
Baked Green Bean Casserole,187.4123233,10.62030852,6.453818174,0.902301283,6.369081804,3.809509416,
Cabot Cheddar Cream Biscuits,145.2054933,16.84009135,9.104915898,11.8750336,10.12488043,1.036556377,
Cream Cheese and Green Olive Dip - Teresa's Dip,317.6647892,20.89454381,15.55689624,1.753402005,11.03807327,2.019912633,
